CIT_ID_NO,legal_form,sector,province,small_business,revenue,expenditure,income,tax_base_before_deductions,deductions_from_tax_base,income_tax_base_after_deductions,citax
1,0.0,Wholesale/Retail Trade,Mazowieckie,0,110688394.63126193,105294933.5,5393461.13126193,5393461.13126193,0.0,5393461.13126193,1024757.6149397667
2,0.0,Wholesale/Retail Trade,Świętokrzyskie,0,110218330.33848692,104847773.8,5370556.538486928,5370556.538486928,0.0,5370556.538486928,1020405.7423125163
3,0.0,Utilities,Mazowieckie,0,88314904.3168776,84011625.69,4303278.626877606,4270020.266877606,0.0,4270020.266877606,811303.850706745
4,0.0,Utilities,Małopolskie,0,87844840.06531052,83564466.03,4280374.035310522,3954477.3053105217,0.0,3954477.3053105217,751350.6880089991
5,0.0,Construction,Małopolskie,0,51076949.15478855,53546120.94,0.0,0.0,0.0,0.0,0.0
6,0.0,Construction,Śląskie,0,50606884.903221466,53053332.75,0.0,0.0,0.0,0.0,0.0
7,0.0,Health,Mazowieckie,0,28545005.48142118,27154106.48,1390899.0014211796,1390899.0014211796,0.0,1390899.0014211796,264270.8102700241
8,0.0,Health,Łódzkie,0,28074941.229854085,26706946.83,1367994.3998540863,1367994.3998540863,0.0,1367994.3998540863,259918.9359722764
9,0.0,Professional/Scientific,Świętokrzyskie,0,20586634.53813623,19583519.32,1003115.2181362286,1003115.2181362286,0.0,1003115.2181362286,190591.89144588343
10,0.0,Professional/Scientific,Mazowieckie,0,20116570.286569145,19136359.67,980210.6165691428,980210.6165691428,0.0,980210.6165691428,186240.01714813712
11,0.0,Wholesale/Retail Trade,Mazowieckie,0,16633377.058094263,15822890.35,810486.7080942634,810486.7080942634,0.0,810486.7080942634,153992.47453791005
12,0.0,Wholesale/Retail Trade,Wielkopolskie,0,16163312.806527173,15375730.7,787582.1065271739,787582.1065271739,0.0,787582.1065271739,149640.60024016304
13,0.0,Utilities,Łódzkie,0,12066383.237672294,11478430.28,587952.9576722942,558392.9576722942,0.0,558392.9576722942,106094.66195773591
14,0.0,Utilities,Śląskie,0,11596318.986105202,11031270.63,565048.356105201,540423.0561052009,0.0,540423.0561052009,102680.38065998818
15,0.0,Construction,Mazowieckie,0,10008630.744655136,10492469.91,0.0,0.0,0.0,0.0,0.0
16,0.0,Construction,Małopolskie,0,9538566.493088048,9999681.72,0.0,0.0,0.0,0.0,0.0
17,0.0,Manufacturing,Mazowieckie,0,8962517.988060692,8642700.57,319817.418060692,318817.418060692,0.0,318817.418060692,60575.30943153149
18,0.0,Manufacturing,Mazowieckie,0,8962452.549885642,8179135.54,783317.0098856417,448124.27988564176,0.0,448124.27988564176,85143.61317827193
19,0.0,Construction,Dolnośląskie,0,8962439.703316959,8397049.8,565389.9033169579,565389.9033169579,0.0,565389.9033169579,107424.081630222
20,0.0,Transportation and Storage,Małopolskie,0,8961056.837676022,8136540.26,824516.5776760224,824516.5776760224,0.0,824516.5776760224,156658.14975844425
21,0.0,Wholesale/Retail Trade,Wielkopolskie,0,8960911.260400897,8441271.47,519639.7904008962,519639.7904008962,0.0,519639.7904008962,98731.56017617029
22,0.0,Utilities,Wielkopolskie,0,8960178.995683894,8050993.33,909185.6656838935,849966.3256838935,0.0,849966.3256838935,161493.60187993976
23,0.0,Construction,Mazowieckie,0,8959941.390824115,8080943.35,878998.0408241153,262640.8208241153,0.0,262640.8208241153,49901.75595658191
24,0.0,Wholesale/Retail Trade,Świętokrzyskie,0,8956973.915873794,8676011.94,280961.9758737944,262553.8358737944,0.0,262553.8358737944,49885.228816020935
25,0.0,Not determined,Świętokrzyskie,0,8956911.16651545,8667164.16,289747.0065154508,289747.0065154508,0.0,289747.0065154508,55051.93123793565
26,0.0,Education,Wielkopolskie,0,8955883.884005804,3593171.19,5362712.694005804,5362412.694005804,0.0,5362412.694005804,1018858.4118611028
27,0.0,Manufacturing,Łódzkie,0,8955675.814921822,8626114.44,329561.3749218229,329561.3749218229,0.0,329561.3749218229,62616.661235146355
28,0.0,Construction,Śląskie,0,8955514.846489025,7987426.8,968088.0464890255,968088.0464890255,0.0,968088.0464890255,183936.72883291484
29,0.0,Professional/Scientific,Mazowieckie,0,8955369.22800598,8326029.66,629339.5680059791,629339.5680059791,0.0,629339.5680059791,119574.51792113602
30,0.0,Manufacturing,Małopolskie,0,8954691.5534794,8522631.4,432060.15347939916,262486.9334793992,0.0,262486.9334793992,49872.51736108585
31,0.0,Construction,Mazowieckie,0,8954348.301817812,8441379.57,512968.7318178117,512968.7318178117,0.0,512968.7318178117,97464.05904538423
32,0.0,Wholesale/Retail Trade,Mazowieckie,0,8954140.047298193,8739399.91,214740.13729819283,214740.13729819283,0.0,214740.13729819283,40800.62608665664
33,0.0,Wholesale/Retail Trade,Mazowieckie,0,8948506.759967105,8366444.73,582062.029967105,582062.029967105,0.0,582062.029967105,110591.78569374996
34,0.0,Wholesale/Retail Trade,Mazowieckie,0,8948103.664105445,8609380.66,338723.004105445,326665.934105445,0.0,326665.934105445,62066.52748003455
35,0.0,Not determined,Mazowieckie,0,8947822.935158646,7938615.54,1009207.3951586457,1009207.3951586457,0.0,1009207.3951586457,191749.4050801427
36,0.0,Manufacturing,Małopolskie,0,8947520.355712907,7201384.67,1746135.6857129075,1746135.6857129075,0.0,1746135.6857129075,331765.78028545243
37,0.0,Admin and Support Services,Mazowieckie,0,8946670.4629917,8636099.97,310570.4929916989,310570.4929916989,0.0,310570.4929916989,59008.393668422796
38,0.0,Construction,Małopolskie,0,8943814.033080557,7944306.58,999507.4530805573,999507.4530805573,0.0,999507.4530805573,189906.4160853059
39,0.0,Wholesale/Retail Trade,Małopolskie,0,8942854.21823596,8666860.83,275993.38823596016,273010.36823596014,0.0,273010.36823596014,51871.969964832424
40,0.0,Health,Małopolskie,0,8942604.982441103,8573167.4,369437.5824411027,369437.5824411027,0.0,369437.5824411027,70193.14066380952
41,0.0,Wholesale/Retail Trade,Dolnośląskie,0,8942451.647775263,8427916.13,514535.5177752618,514535.5177752618,0.0,514535.5177752618,97761.74837729974
42,0.0,Wholesale/Retail Trade,Warmińsko-Mazurskie,0,8941760.549769135,8550785.84,390974.70976913534,390974.70976913534,0.0,390974.70976913534,74285.19485613571
43,0.0,Not determined,Warmińsko-Mazurskie,0,8941370.21806032,6968731.26,1972638.9580603205,1960364.4280603204,0.0,1960364.4280603204,372469.2413314609
44,0.0,Manufacturing,Małopolskie,0,8940450.57063457,7950382.79,990067.7806345699,990067.7806345699,0.0,990067.7806345699,188112.8783205683
45,0.0,Wholesale/Retail Trade,Wielkopolskie,0,8940394.620582825,7201489.29,1738905.3305828245,1738905.3305828245,0.0,1738905.3305828245,330392.01281073666
46,0.0,Construction,Śląskie,0,8938381.747675374,8351198.65,587183.0976753738,587183.0976753738,0.0,587183.0976753738,111564.78855832102
47,0.0,Wholesale/Retail Trade,Dolnośląskie,0,8938123.24009879,8532753.23,405370.0100987889,405370.0100987889,0.0,405370.0100987889,77020.3019187699
48,0.0,Wholesale/Retail Trade,Dolnośląskie,0,8937050.731898265,8299268.09,637782.6418982651,637782.6418982651,0.0,637782.6418982651,121178.70196067037
49,0.0,Not determined,Mazowieckie,0,8936567.466030587,8516771.74,419795.7260305863,419795.7260305863,0.0,419795.7260305863,79761.1879458114
50,0.0,Professional/Scientific,Warmińsko-Mazurskie,0,8936111.541617028,10326476.8,0.0,0.0,0.0,0.0,0.0
51,0.0,Wholesale/Retail Trade,Dolnośląskie,0,8936016.114379074,8140923.66,795092.4543790743,795092.4543790743,0.0,795092.4543790743,151067.56633202411
52,0.0,Wholesale/Retail Trade,Małopolskie,0,8935527.388462154,7889489.04,1046038.3484621542,1021885.7184621542,0.0,1021885.7184621542,194158.2865078093
53,0.0,Manufacturing,Małopolskie,0,8934988.481602117,10135283.17,0.0,0.0,0.0,0.0,0.0
54,0.0,Other Service Activities,Mazowieckie,0,8934880.34172122,8301321.71,633558.63172122,420748.62172121997,0.0,420748.62172121997,79942.2381270318
55,0.0,Manufacturing,Mazowieckie,0,8934255.073365368,7517906.4,1416348.6733653676,1416348.6733653676,0.0,1416348.6733653676,269106.2479394198
56,0.0,Manufacturing,Śląskie,0,8933226.194048867,10284239.3,0.0,0.0,0.0,0.0,0.0
57,0.0,Manufacturing,Łódzkie,0,8932848.193809753,8632272.28,300575.91380975395,267602.99380975397,0.0,267602.99380975397,50844.56882385325
58,0.0,Real Estate,Mazowieckie,0,8932714.741964733,11401069.22,0.0,0.0,0.0,0.0,0.0
59,0.0,Construction,Wielkopolskie,0,8932654.877160702,7492573.11,1440081.7671607016,1185260.6971607015,0.0,1185260.6971607015,225199.5324605333
60,0.0,ICT,Mazowieckie,0,8932434.22935951,8726907.46,205526.76935950853,205526.76935950853,0.0,205526.76935950853,39050.08617830662
61,0.0,Wholesale/Retail Trade,Mazowieckie,0,8931868.763995811,8534203.84,397664.9239958115,397664.9239958115,0.0,397664.9239958115,75556.33555920419
62,0.0,Manufacturing,Małopolskie,0,8931766.012050292,7955929.99,975836.0220502913,269044.45205029135,0.0,269044.45205029135,51118.445889555354
63,0.0,ICT,Mazowieckie,0,8930659.620638538,8321973.35,608686.2706385385,608686.2706385385,0.0,608686.2706385385,115650.39142132232
64,0.0,Real Estate,Śląskie,0,8930322.84892218,6501393.48,2428929.3689221796,2428929.3689221796,0.0,2428929.3689221796,461496.5800952141
65,0.0,Transportation and Storage,Mazowieckie,0,8930150.115628565,8474559.14,455590.97562856413,455590.97562856413,0.0,455590.97562856413,86562.28536942719
66,0.0,Manufacturing,Wielkopolskie,0,8930057.603850868,8679428.51,250629.09385086782,250629.09385086782,0.0,250629.09385086782,47619.527831664884
67,0.0,Admin and Support Services,Dolnośląskie,0,8929076.38149246,8613979.5,315096.88149246015,315096.88149246015,0.0,315096.88149246015,59868.407483567426
68,0.0,Wholesale/Retail Trade,Mazowieckie,0,8929061.278790222,8632447.03,296614.24879022315,296614.24879022315,0.0,296614.24879022315,56356.7072701424
69,0.0,Wholesale/Retail Trade,Warmińsko-Mazurskie,0,8928643.296567895,8628471.26,300172.03656789474,300172.03656789474,0.0,300172.03656789474,57032.6869479
70,0.0,Professional/Scientific,Mazowieckie,0,8928425.9969101,8248675.02,679750.9769101012,677250.9769101012,0.0,677250.9769101012,128677.68561291925
71,0.0,Wholesale/Retail Trade,Łódzkie,0,8927529.024141667,8259581.48,667947.544141667,667947.544141667,0.0,667947.544141667,126910.03338691672
72,0.0,Manufacturing,Dolnośląskie,0,8926984.183341326,8523392.23,403591.95334132574,381825.33334132575,0.0,381825.33334132575,72546.81333485189
73,0.0,Admin and Support Services,Wielkopolskie,0,8926919.826874146,8685555.02,241364.80687414669,241364.80687414669,0.0,241364.80687414669,45859.31330608787
74,0.0,Manufacturing,Śląskie,0,8926162.827103885,8383401.37,542761.4571038848,542761.4571038848,0.0,542761.4571038848,103124.67684973811
75,0.0,Wholesale/Retail Trade,Mazowieckie,0,8926034.886818003,8542008.76,384026.12681800313,384026.12681800313,0.0,384026.12681800313,72964.9640954206
76,0.0,Wholesale/Retail Trade,Dolnośląskie,0,8925949.946995383,8513739.23,412210.7169953827,412210.7169953827,0.0,412210.7169953827,78320.0362291227
77,0.0,Manufacturing,Wielkopolskie,0,8925753.240995014,7790378.23,1135375.0109950136,1135375.0109950136,0.0,1135375.0109950136,215721.2520890526
78,0.0,Wholesale/Retail Trade,Małopolskie,0,8925579.07572622,8590202.3,335376.77572621964,335376.77572621964,0.0,335376.77572621964,63721.58738798173
79,0.0,Wholesale/Retail Trade,Mazowieckie,0,8925403.715427784,8561924.0,363479.71542778425,261628.60542778426,0.0,261628.60542778426,49709.43503127901
80,0.0,Manufacturing,Małopolskie,0,8925201.683303906,8233786.03,691415.6533039054,630163.3733039054,0.0,630163.3733039054,119731.04092774203
81,0.0,Manufacturing,Mazowieckie,0,8924953.271667426,8668846.96,256106.31166742556,256106.31166742556,0.0,256106.31166742556,48660.199216810855
82,0.0,Real Estate,Mazowieckie,0,8924593.835595727,8432556.98,492036.8555957265,261604.6855957265,0.0,261604.6855957265,49704.890263188034
83,0.0,Professional/Scientific,Dolnośląskie,0,8924172.42281416,8352313.88,571858.5428141607,571858.5428141607,0.0,571858.5428141607,108653.12313469054
84,0.0,Not determined,Mazowieckie,0,8923107.507172674,8728450.98,194656.5271726735,194656.5271726735,0.0,194656.5271726735,36984.74016280796
85,0.0,Wholesale/Retail Trade,Mazowieckie,0,8923082.607287744,8540205.8,382876.8072877433,382876.8072877433,0.0,382876.8072877433,72746.59338467123
86,0.0,Hotels and Restaurants,Mazowieckie,0,8922752.233100774,11207321.94,0.0,0.0,0.0,0.0,0.0
87,0.0,Manufacturing,Małopolskie,0,8921725.187536662,403927.74,8517797.447536662,261520.5975366626,0.0,261520.5975366626,49688.913531965896
88,0.0,Not determined,Małopolskie,0,8921425.307209605,8541408.44,380016.8672096059,380016.8672096059,0.0,380016.8672096059,72203.20476982511
89,0.0,Wholesale/Retail Trade,Warmińsko-Mazurskie,0,8919976.704636209,7333169.04,1586807.6646362087,1586807.6646362087,0.0,1586807.6646362087,301493.4562808797
90,0.0,Manufacturing,Mazowieckie,0,8918985.10818424,7885106.0,1033879.1081842408,1033879.1081842408,0.0,1033879.1081842408,196437.03055500574
91,0.0,Finance,Mazowieckie,0,8918693.89182211,0.0,8918693.89182211,8918693.89182211,0.0,8918693.89182211,1694551.839446201
92,0.0,Manufacturing,Dolnośląskie,0,8918009.830068117,4832057.27,4085952.5600681175,4085952.5600681175,0.0,4085952.5600681175,776330.9864129423
93,0.0,Manufacturing,Wielkopolskie,0,8917265.25448537,8453035.44,464229.8144853711,464229.8144853711,0.0,464229.8144853711,88203.66475222052
94,0.0,Other Service Activities,Łódzkie,0,8916027.152263166,8297094.86,618932.292263166,618932.292263166,0.0,618932.292263166,117597.13553000156
95,0.0,Health,Dolnośląskie,0,8914971.44659153,9002625.14,0.0,0.0,0.0,0.0,0.0
96,0.0,Wholesale/Retail Trade,Śląskie,0,8914932.0827271,8591246.79,323685.2927271016,323685.2927271016,0.0,323685.2927271016,61500.2056181493
97,0.0,Other Service Activities,Mazowieckie,0,8914801.855401725,9434260.91,0.0,0.0,0.0,0.0,0.0
98,0.0,Wholesale/Retail Trade,Mazowieckie,0,8913644.747343915,8442006.23,471638.51734391414,471638.51734391414,0.0,471638.51734391414,89611.31829534369
99,0.0,Manufacturing,Mazowieckie,0,8913312.220043192,7238871.56,1674440.660043192,1674440.660043192,0.0,1674440.660043192,318143.7254082065
100,0.0,Manufacturing,Mazowieckie,0,8912913.40980508,8250825.59,662087.8198050801,662087.8198050801,0.0,662087.8198050801,125796.68576296522
101,0.0,Manufacturing,Dolnośląskie,0,8912722.771670753,7729729.69,1182993.0816707527,1182993.0816707527,0.0,1182993.0816707527,224768.68551744302
102,0.0,Wholesale/Retail Trade,Dolnośląskie,0,8912571.332569176,8797739.96,114831.37256917544,114831.37256917544,0.0,114831.37256917544,21817.960788143333
103,0.0,Real Estate,Mazowieckie,0,8912368.599910678,4050252.56,4862116.039910678,4450330.669910678,0.0,4450330.669910678,845562.8272830287
104,0.0,Manufacturing,Wielkopolskie,0,8911503.079086268,8309500.36,602002.719086268,602002.719086268,0.0,602002.719086268,114380.51662639092
105,0.0,Manufacturing,Śląskie,0,8911355.225073628,8110508.68,800846.5450736284,798346.5450736284,0.0,798346.5450736284,151685.84356398942
106,0.0,Wholesale/Retail Trade,Wielkopolskie,0,8910295.419214074,10432322.53,0.0,0.0,0.0,0.0,0.0
107,0.0,Manufacturing,Mazowieckie,0,8910186.877555966,9234185.1,0.0,0.0,0.0,0.0,0.0
108,0.0,Wholesale/Retail Trade,Małopolskie,0,8909823.444316143,7373429.8,1536393.6443161434,1536393.6443161434,0.0,1536393.6443161434,291914.79242006724
109,0.0,Wholesale/Retail Trade,Śląskie,0,8909818.334534211,8687142.48,222675.85453421064,222675.85453421064,0.0,222675.85453421064,42308.41236150002
110,0.0,Not determined,Mazowieckie,0,8909725.997890173,9706220.52,0.0,0.0,0.0,0.0,0.0
111,0.0,Utilities,Warmińsko-Mazurskie,0,8909684.63544168,7263064.5,1646620.1354416795,1646620.1354416795,0.0,1646620.1354416795,312857.8257339191
112,0.0,ICT,Dolnośląskie,0,8909468.499907594,8007648.42,901820.0799075942,901320.0799075942,0.0,901320.0799075942,171250.81518244292
113,0.0,Entertainment,Kujawsko-Pomorskie,0,8909448.441953123,8553061.07,356387.3719531223,356387.3719531223,0.0,356387.3719531223,67713.60067109324
114,0.0,Professional/Scientific,Dolnośląskie,0,8908843.72604677,9682805.64,0.0,0.0,0.0,0.0,0.0
115,0.0,Not determined,Mazowieckie,0,8908622.686770346,8591702.34,316920.34677034616,316920.34677034616,0.0,316920.34677034616,60214.86588636577
116,0.0,Manufacturing,Wielkopolskie,0,8907779.078256754,7372229.35,1535549.7282567546,1507458.5582567547,0.0,1507458.5582567547,286417.1260687834
117,0.0,Manufacturing,Śląskie,0,8907420.785704803,7912926.25,994494.5357048027,525495.2757048027,50176.38,475318.8957048027,90310.59018391251
118,0.0,Wholesale/Retail Trade,Mazowieckie,0,8907125.304323075,8509438.07,397687.23432307504,397687.23432307504,0.0,397687.23432307504,75560.57452138426
119,0.0,Not determined,Kujawsko-Pomorskie,0,8907064.99653392,8858892.29,48172.70653392002,48172.70653392002,0.0,48172.70653392002,9152.814241444803
120,0.0,ICT,Mazowieckie,0,8907057.280351127,8042254.23,864803.0503511261,820803.0503511261,0.0,820803.0503511261,155952.57956671398
121,0.0,Real Estate,Kujawsko-Pomorskie,0,8906817.955060737,6546616.29,2360201.665060737,2360201.665060737,0.0,2360201.665060737,448438.31636154006
122,0.0,Utilities,Dolnośląskie,0,8906131.029356387,7746045.82,1160085.2093563862,1160085.2093563862,0.0,1160085.2093563862,220416.18977771339
123,0.0,Utilities,Małopolskie,0,8905804.260862313,9042260.06,0.0,0.0,0.0,0.0,0.0
124,0.0,Construction,Wielkopolskie,0,8905077.1780411,8531166.58,373910.5980411004,373910.5980411004,0.0,373910.5980411004,71043.01362780908
125,0.0,Professional/Scientific,Wielkopolskie,0,8904320.8066916,6870960.56,2033360.2466916004,2033360.2466916004,0.0,2033360.2466916004,386338.44687140407
126,0.0,Construction,Wielkopolskie,0,8903791.089197453,8208556.17,695234.9191974532,695234.9191974532,0.0,695234.9191974532,132094.6346475161
127,0.0,Entertainment,Wielkopolskie,0,8902085.606760265,8324717.96,577367.6467602653,577367.6467602653,0.0,577367.6467602653,109699.85288445042
128,0.0,Not determined,Śląskie,0,8900133.618552836,6911267.11,1988866.5085528353,1968866.5085528353,0.0,1968866.5085528353,374084.6366250387
129,0.0,Utilities,Mazowieckie,0,8899740.587725345,8127932.75,771807.837725345,713832.7377253451,0.0,713832.7377253451,135628.22016781557
130,0.0,Wholesale/Retail Trade,Warmińsko-Mazurskie,0,8899351.842521397,8611393.53,287958.31252139807,287958.31252139807,0.0,287958.31252139807,54712.07937906563
131,0.0,Wholesale/Retail Trade,Mazowieckie,0,8898829.418828884,8348076.61,550752.8088288838,550752.8088288838,0.0,550752.8088288838,104643.03367748793
132,0.0,Real Estate,Wielkopolskie,0,8898696.234835332,8437007.84,461688.3948353324,461688.3948353324,0.0,461688.3948353324,87720.79501871316
133,0.0,Wholesale/Retail Trade,Mazowieckie,0,8898518.072398422,8367313.4,531204.6723984219,531204.6723984219,0.0,531204.6723984219,100928.88775570017
134,0.0,Admin and Support Services,Małopolskie,0,8898204.87161161,8905030.34,0.0,0.0,0.0,0.0,0.0
135,0.0,Manufacturing,Wielkopolskie,0,8898190.119176684,8249364.86,648825.2591766836,260830.71917668363,0.0,260830.71917668363,49557.83664356989
136,0.0,Wholesale/Retail Trade,Mazowieckie,0,8896950.543771379,8680068.27,216882.27377137914,216882.27377137914,0.0,216882.27377137914,41207.632016562035
137,0.0,Not determined,Małopolskie,0,8896561.757359516,13082869.43,0.0,0.0,0.0,0.0,0.0
138,0.0,Manufacturing,Wielkopolskie,0,8896487.23283838,8322126.9,574360.3328383788,574360.3328383788,0.0,574360.3328383788,109128.46323929199
139,0.0,Health,Małopolskie,0,8895790.324515698,7290181.76,1605608.5645156987,1605608.5645156987,0.0,1605608.5645156987,305065.62725798273
140,0.0,Education,Mazowieckie,0,8895617.168840917,8412492.47,483124.69884091616,462087.8488409162,0.0,462087.8488409162,87796.69127977408
141,0.0,Not determined,Kujawsko-Pomorskie,0,8894785.74756931,8647388.31,247397.43756930903,247397.43756930903,0.0,247397.43756930903,47005.51313816872
142,0.0,Wholesale/Retail Trade,Mazowieckie,0,8894280.826940302,10110934.35,0.0,0.0,0.0,0.0,0.0
143,0.0,Wholesale/Retail Trade,Opolskie,0,8894258.657079993,8537987.06,356271.5970799923,356271.5970799923,0.0,356271.5970799923,67691.60344519853
144,0.0,Construction,Opolskie,0,8894052.761713728,8620992.51,273060.25171372853,273060.25171372853,0.0,273060.25171372853,51881.44782560842
145,0.0,Wholesale/Retail Trade,Śląskie,0,8893699.063844722,8242364.94,651334.1238447214,651334.1238447214,0.0,651334.1238447214,123753.48353049706
146,0.0,Wholesale/Retail Trade,Małopolskie,0,8892874.081310425,8565518.66,327355.4213104248,327355.4213104248,0.0,327355.4213104248,62197.53004898071
147,0.0,Construction,Kujawsko-Pomorskie,0,8892393.164294114,7410491.7,1481901.4642941142,260660.79429411422,0.0,260660.79429411422,49525.5509158817
148,0.0,Wholesale/Retail Trade,Opolskie,0,8892004.996001039,8396143.13,495861.8660010379,495861.8660010379,0.0,495861.8660010379,94213.7545401972
149,0.0,Real Estate,Opolskie,0,8891897.37121912,8436131.19,455766.18121912144,444084.1612191214,0.0,444084.1612191214,84375.99063163307
150,0.0,Professional/Scientific,Kujawsko-Pomorskie,0,8891680.669076154,8377335.91,514344.75907615386,449973.1490761539,0.0,449973.1490761539,85494.89832446924
151,0.0,Construction,Kujawsko-Pomorskie,0,8891078.806818176,8598040.58,293038.226818176,293038.226818176,0.0,293038.226818176,55677.26309545344
152,0.0,Not determined,Kujawsko-Pomorskie,0,8890816.343281388,8421726.26,469090.0832813885,469090.0832813885,0.0,469090.0832813885,89127.11582346381
153,0.0,Wholesale/Retail Trade,Podkarpackie,0,8890474.338159338,8630575.07,259899.26815933734,259899.26815933734,0.0,259899.26815933734,49380.860950274095
154,0.0,Construction,Łódzkie,0,8889868.16967385,8789073.68,100794.48967385106,100794.48967385106,0.0,100794.48967385106,19150.9530380317
155,0.0,Not determined,Podkarpackie,0,8889464.156935995,8369948.57,519515.58693599515,338265.58693599515,0.0,338265.58693599515,64270.46151783908
156,0.0,Other Service Activities,Podkarpackie,0,8889153.53164411,5982475.61,2906677.9216441093,2906677.9216441093,0.0,2906677.9216441093,552268.8051123808
157,0.0,Wholesale/Retail Trade,Dolnośląskie,0,8888647.580817135,9531717.55,0.0,0.0,0.0,0.0,0.0
158,0.0,Not determined,Małopolskie,0,8888642.007446116,8414932.83,473709.17744611576,473709.17744611576,0.0,473709.17744611576,90004.743714762
159,0.0,Wholesale/Retail Trade,Podkarpackie,0,8888322.9242289,8388429.28,499893.6442288989,260541.48422889892,0.0,260541.48422889892,49502.88200349079
160,0.0,Construction,Kujawsko-Pomorskie,0,8888308.965046406,8397013.0,491295.9650464058,491295.9650464058,0.0,491295.9650464058,93346.2333588171
161,0.0,Not determined,Wielkopolskie,0,8887719.557881888,8997200.98,0.0,0.0,0.0,0.0,0.0
162,0.0,Real Estate,Podkarpackie,0,8887123.207183052,14349533.24,0.0,0.0,0.0,0.0,0.0
163,0.0,Wholesale/Retail Trade,Małopolskie,0,8887088.932496592,7300719.56,1586369.3724965928,1586369.3724965928,0.0,1586369.3724965928,301410.18077435263
164,0.0,Utilities,Mazowieckie,0,8886879.246001799,7833556.0,1053323.2460017987,1053323.2460017987,0.0,1053323.2460017987,200131.41674034175
165,0.0,Manufacturing,Łódzkie,0,8886876.783828652,9289614.74,0.0,0.0,0.0,0.0,0.0
166,0.0,Not determined,Podkarpackie,0,8886819.989014573,0.0,8886819.989014573,8886819.989014573,0.0,8886819.989014573,1688495.797912769
167,0.0,Not determined,Podkarpackie,0,8885618.221874766,9614654.26,0.0,0.0,0.0,0.0,0.0
168,0.0,Construction,Wielkopolskie,0,8885607.672647553,7401636.5,1483971.1726475526,1483971.1726475526,0.0,1483971.1726475526,281954.522803035
169,0.0,Not determined,Kujawsko-Pomorskie,0,8885568.937203886,6713226.68,2172342.2572038863,2172342.2572038863,0.0,2172342.2572038863,412745.0288687384
170,0.0,Wholesale/Retail Trade,Warmińsko-Mazurskie,0,8884725.699561562,8618748.35,265977.34956156276,265977.34956156276,0.0,265977.34956156276,50535.69641669693
171,0.0,Utilities,Wielkopolskie,0,8884514.127804482,8436827.8,447686.3278044816,447686.3278044816,0.0,447686.3278044816,85060.4022828515
172,0.0,Finance,Łódzkie,0,8884160.306311721,6765225.95,2118934.356311721,2117140.336311721,0.0,2117140.336311721,402256.6638992269
173,0.0,Wholesale/Retail Trade,Mazowieckie,0,8883577.822077561,8623992.39,259585.43207756057,259585.43207756057,0.0,259585.43207756057,49321.23209473651
174,0.0,Health,Podkarpackie,0,8883387.946289726,6324169.85,2559218.096289726,2559218.096289726,0.0,2559218.096289726,486251.43829504796
175,0.0,Hotels and Restaurants,Mazowieckie,0,8882874.18656214,8217195.01,665679.1765621398,665679.1765621398,0.0,665679.1765621398,126479.04354680656
176,0.0,ICT,Podkarpackie,0,8882265.988586651,5148423.53,3733842.458586651,3733842.458586651,0.0,3733842.458586651,709430.0671314637
177,0.0,Not determined,Śląskie,0,8881433.114735905,7883013.02,998420.0947359055,998420.0947359055,0.0,998420.0947359055,189699.81799982206
178,0.0,Manufacturing,Wielkopolskie,0,8881218.586310651,8792754.64,88463.94631065056,88463.94631065056,0.0,88463.94631065056,16808.149799023606
179,0.0,Transportation and Storage,Mazowieckie,0,8880897.205751961,8275866.37,605030.835751961,605030.835751961,0.0,605030.835751961,114955.85879287259
180,0.0,Utilities,Śląskie,0,8880785.604405882,6361935.64,2518849.964405882,2518849.964405882,0.0,2518849.964405882,478581.4932371176
181,0.0,ICT,Podkarpackie,0,8880585.467846269,8289778.93,590806.5378462691,590806.5378462691,0.0,590806.5378462691,112253.24219079113
182,0.0,Transportation and Storage,Małopolskie,0,8879940.512407213,7290565.37,1589375.1424072133,1589375.1424072133,0.0,1589375.1424072133,301981.2770573705
183,0.0,Agriculture,Dolnośląskie,0,8879869.1196879,8217115.71,662753.4096879,260293.6796879,0.0,260293.6796879,49455.799140701
184,0.0,Other Service Activities,Dolnośląskie,0,8879603.957032429,8597850.04,281753.91703242995,281753.91703242995,0.0,281753.91703242995,53533.24423616169
185,0.0,Real Estate,Łódzkie,0,8879069.150360312,9831446.68,0.0,0.0,0.0,0.0,0.0
186,0.0,Health,Mazowieckie,0,8878810.745803522,9027104.27,0.0,0.0,0.0,0.0,0.0
187,0.0,Finance,Podkarpackie,0,8878538.258440483,7135770.32,1742767.938440483,1742767.938440483,0.0,1742767.938440483,331125.9083036918
188,0.0,Wholesale/Retail Trade,Podkarpackie,0,8876848.816185687,8649442.4,227406.41618568636,227406.41618568636,0.0,227406.41618568636,43207.21907528041
189,0.0,Transportation and Storage,Mazowieckie,0,8876705.268400561,6940521.92,1936183.3484005611,1936183.3484005611,0.0,1936183.3484005611,367874.8361961066
190,0.0,Manufacturing,Wielkopolskie,0,8874799.855443353,8527054.58,347745.27544335276,347745.27544335276,0.0,347745.27544335276,66071.60233423703
191,0.0,Manufacturing,Podkarpackie,0,8874486.37650309,7275086.72,1599399.6565030897,1599399.6565030897,0.0,1599399.6565030897,303885.93473558704
192,0.0,Wholesale/Retail Trade,Kujawsko-Pomorskie,0,8874460.168266732,7472867.8,1401592.3682667324,1025265.0082667324,0.0,1025265.0082667324,194800.35157067917
193,0.0,Manufacturing,Podkarpackie,0,8874397.099547017,9186489.19,0.0,0.0,0.0,0.0,0.0
194,0.0,Hotels and Restaurants,Zachodniopomorskie,0,8873616.260995734,9220298.62,0.0,0.0,0.0,0.0,0.0
195,0.0,Wholesale/Retail Trade,Zachodniopomorskie,0,8873497.304036146,7664677.56,1208819.7440361464,773198.9340361464,0.0,773198.9340361464,146907.7974668678
196,0.0,Wholesale/Retail Trade,Podkarpackie,0,8873373.443334226,7411779.79,1461593.6533342255,1461593.6533342255,0.0,1461593.6533342255,277702.7941335029
197,0.0,Wholesale/Retail Trade,Podkarpackie,0,8873296.199090445,7560557.94,1312738.259090445,1312738.259090445,0.0,1312738.259090445,249420.26922718456
198,0.0,Construction,Śląskie,0,8873244.854023628,8437665.38,435579.4740236271,435579.4740236271,0.0,435579.4740236271,82760.10006448915
199,0.0,Manufacturing,Mazowieckie,0,8873213.958386509,7831638.78,1041575.1783865085,1041575.1783865085,0.0,1041575.1783865085,197899.2838934366
200,0.0,Transportation and Storage,Podkarpackie,0,8873101.172312763,8608845.1,264256.07231276296,260095.29231276296,0.0,260095.29231276296,49418.10553942496
201,0.0,Wholesale/Retail Trade,Kujawsko-Pomorskie,0,8872494.602050064,8426898.23,445596.3720500637,271425.1720500637,0.0,271425.1720500637,51570.782689512096
202,0.0,Manufacturing,Wielkopolskie,0,8872468.898610717,9099489.05,0.0,0.0,0.0,0.0,0.0
203,0.0,Not determined,Mazowieckie,0,8872282.69032766,8701592.96,170689.73032765836,170689.73032765836,0.0,170689.73032765836,32431.048762255086
204,0.0,Admin and Support Services,Zachodniopomorskie,0,8871976.711228617,8236597.16,635379.5512286164,260062.33122861641,0.0,260062.33122861641,49411.84293343712
205,0.0,Manufacturing,Łódzkie,0,8871954.68559602,10615030.0,0.0,0.0,0.0,0.0,0.0
206,0.0,Not determined,Mazowieckie,0,8871527.853973133,7768297.05,1103230.8039731337,497609.77397313365,0.0,497609.77397313365,94545.8570548954
207,0.0,Manufacturing,Mazowieckie,0,8869818.78644701,8208687.4,661131.3864470087,661131.3864470087,0.0,661131.3864470087,125614.96342493166
208,0.0,Not determined,Śląskie,0,8869571.518330272,9898612.14,0.0,0.0,0.0,0.0,0.0
209,0.0,Education,Zachodniopomorskie,0,8869119.209911589,2533637.32,6335481.889911588,6335481.889911588,0.0,6335481.889911588,1203741.5590832017
210,0.0,Not determined,Dolnośląskie,0,8869057.841018518,8961979.2,0.0,0.0,0.0,0.0,0.0
211,0.0,Wholesale/Retail Trade,Mazowieckie,0,8868271.758759568,8594713.54,273558.2187595684,259953.72875956842,0.0,259953.72875956842,49391.208464318
212,0.0,Manufacturing,Kujawsko-Pomorskie,0,8868125.55306368,8215292.67,652832.8830636796,652832.8830636796,0.0,652832.8830636796,124038.24778209912
213,0.0,Real Estate,Wielkopolskie,0,8867744.647666287,4051426.45,4816318.1976662865,4786318.1976662865,0.0,4786318.1976662865,909400.4575565944
214,0.0,Admin and Support Services,Podkarpackie,0,8867081.354703369,8530878.56,336202.7947033681,336202.7947033681,0.0,336202.7947033681,63878.53099363994
215,0.0,Wholesale/Retail Trade,Podkarpackie,0,8866517.311012868,8393526.32,472990.99101286754,312258.3410128675,0.0,312258.3410128675,59329.08479244483
216,0.0,Manufacturing,Mazowieckie,0,8865964.362554504,6792402.62,2073561.7425545035,2073561.7425545035,0.0,2073561.7425545035,393976.7310853557
217,0.0,Wholesale/Retail Trade,Kujawsko-Pomorskie,0,8865880.63836549,8587102.6,278778.03836549073,278778.03836549073,0.0,278778.03836549073,52967.82728944324
218,0.0,Admin and Support Services,Podlaskie,0,8865198.678215357,8401144.06,464054.618215356,259863.64821535602,0.0,259863.64821535602,49374.09316091765
219,0.0,Wholesale/Retail Trade,Mazowieckie,0,8864000.588882301,8276314.9,587685.6888823006,574218.6488823006,0.0,574218.6488823006,109101.54328763712
220,0.0,Manufacturing,Zachodniopomorskie,0,8862470.05466436,5839574.68,3022895.3746643607,2443551.3746643607,0.0,2443551.3746643607,464274.76118622854
221,0.0,Admin and Support Services,Podlaskie,0,8862068.16413432,7549220.02,1312848.1441343203,1312848.1441343203,0.0,1312848.1441343203,249441.14738552086
222,0.0,Admin and Support Services,Podlaskie,0,8861989.117044093,8533830.63,328158.48704409227,328158.48704409227,0.0,328158.48704409227,62350.11253837753
223,0.0,Wholesale/Retail Trade,Śląskie,0,8861758.373302793,8562308.73,299449.6433027927,273200.11330279266,0.0,273200.11330279266,51908.0215275306
224,0.0,Wholesale/Retail Trade,Warmińsko-Mazurskie,0,8861703.000161912,8580322.76,281380.2401619125,281380.2401619125,0.0,281380.2401619125,53462.24563076338
225,0.0,Wholesale/Retail Trade,Mazowieckie,0,8861574.75081664,8947320.02,0.0,0.0,0.0,0.0,0.0
226,0.0,Wholesale/Retail Trade,Podlaskie,0,8860466.051761432,7315017.93,1545448.121761432,1545448.121761432,0.0,1545448.121761432,293635.1431346721
227,0.0,Transportation and Storage,Mazowieckie,0,8860046.781791642,8484790.46,375256.3217916414,375256.3217916414,0.0,375256.3217916414,71298.70114041187
228,0.0,Wholesale/Retail Trade,Podlaskie,0,8859294.335496405,8425807.15,433487.18549640477,433487.18549640477,0.0,433487.18549640477,82362.56524431691
229,0.0,Manufacturing,Dolnośląskie,0,8858037.947260235,8896310.87,0.0,0.0,0.0,0.0,0.0
230,0.0,Utilities,Śląskie,0,8857815.568726452,8198695.48,659120.0887264516,657120.0887264516,0.0,657120.0887264516,124852.8168580258
231,0.0,Real Estate,Zachodniopomorskie,0,8857713.970602661,8550959.47,306754.5006026607,306754.5006026607,0.0,306754.5006026607,58283.35511450553
232,0.0,Real Estate,Mazowieckie,0,8857500.657811016,8628855.52,228645.1378110163,228645.1378110163,0.0,228645.1378110163,43442.57618409309
233,0.0,Professional/Scientific,Kujawsko-Pomorskie,0,8857389.963039152,8536713.2,320676.76303915307,320676.76303915307,0.0,320676.76303915307,60928.58497743908
234,0.0,Real Estate,Podlaskie,0,8857287.664380737,7713521.05,1143766.6143807368,259631.75438073685,0.0,259631.75438073685,49330.033332340005
235,0.0,Transportation and Storage,Kujawsko-Pomorskie,0,8857005.451948863,8275611.18,581394.2719488628,581394.2719488628,0.0,581394.2719488628,110464.91167028394
236,0.0,Wholesale/Retail Trade,Mazowieckie,0,8856710.156002771,7919414.82,937295.3360027708,937295.3360027708,0.0,937295.3360027708,178086.11384052646
237,0.0,Health,Mazowieckie,0,8856131.586520897,7549940.0,1306191.5865208972,1306191.5865208972,0.0,1306191.5865208972,248176.40143897047
238,0.0,Wholesale/Retail Trade,Warmińsko-Mazurskie,0,8854595.489233915,7216329.92,1638265.5692339148,1638265.5692339148,0.0,1638265.5692339148,311270.4581544438
239,0.0,Finance,Wielkopolskie,0,8854207.568188349,6439130.75,2415076.818188349,2415076.818188349,0.0,2415076.818188349,458864.5954557863
240,0.0,Admin and Support Services,Śląskie,0,8853818.822984409,267229.09,8586589.732984409,8249459.102984409,0.0,8249459.102984409,1567397.2295670377
241,0.0,Wholesale/Retail Trade,Mazowieckie,0,8853810.262039278,8578781.53,275028.7320392784,275028.7320392784,0.0,275028.7320392784,52255.45908746289
242,0.0,Admin and Support Services,Podlaskie,0,8853653.692551814,8114563.16,739090.5325518139,739090.5325518139,0.0,739090.5325518139,140427.20118484463
243,0.0,Professional/Scientific,Podlaskie,0,8853028.321176164,7704136.16,1148892.1611761637,1148892.1611761637,0.0,1148892.1611761637,218289.5106234711
244,0.0,Wholesale/Retail Trade,Podlaskie,0,8853017.98829053,8482481.37,370536.6182905305,370536.6182905305,0.0,370536.6182905305,70401.9574752008
245,0.0,Health,Mazowieckie,0,8852405.442879604,8451405.75,400999.6928796042,400999.6928796042,0.0,400999.6928796042,76189.9416471248
246,0.0,Wholesale/Retail Trade,Warmińsko-Mazurskie,0,8852378.111727461,8363702.58,488675.53172746114,457403.87172746117,0.0,457403.87172746117,86906.73562821762
247,0.0,Construction,Podlaskie,0,8852257.259203615,6339142.26,2513114.999203615,2513114.999203615,0.0,2513114.999203615,477491.84984868683
248,0.0,Wholesale/Retail Trade,Mazowieckie,0,8851987.646092912,8189912.45,662075.196092912,662075.196092912,0.0,662075.196092912,125794.28725765328
249,0.0,Manufacturing,Wielkopolskie,0,8851838.473426871,9912942.52,0.0,0.0,0.0,0.0,0.0
250,0.0,Professional/Scientific,Mazowieckie,0,8851795.648097262,8331107.12,520688.5280972617,520688.5280972617,0.0,520688.5280972617,98930.82033847972
251,0.0,Construction,Mazowieckie,0,8851599.271760238,7957596.78,894002.4917602381,894002.4917602381,0.0,894002.4917602381,169860.47343444524
252,0.0,ICT,Wielkopolskie,0,8850891.123977708,7367633.94,1483257.1839777073,1468257.1839777073,0.0,1468257.1839777073,278968.8649557644
253,0.0,Construction,Pomorskie,0,8849277.844258828,6409745.66,2439532.184258828,2204515.9642588277,0.0,2204515.9642588277,418858.03320917726
254,0.0,Health,Pomorskie,0,8848981.075129636,11443267.81,0.0,0.0,0.0,0.0,0.0
255,0.0,Hotels and Restaurants,Pomorskie,0,8848880.043614728,6952554.66,1896325.3836147282,1896325.3836147282,0.0,1896325.3836147282,360301.82288679836
256,0.0,Real Estate,Wielkopolskie,0,8848457.59033321,8807348.81,41108.78033320978,41108.78033320978,0.0,41108.78033320978,7810.668263309859
257,0.0,Wholesale/Retail Trade,Lubelskie,0,8848174.22407961,8215201.24,632972.9840796106,632972.9840796106,0.0,632972.9840796106,120264.866975126
258,0.0,Not determined,Mazowieckie,0,8847316.573967688,8220148.97,627167.603967688,627167.603967688,0.0,627167.603967688,119161.84475386073
259,0.0,Manufacturing,Śląskie,0,8847087.26220157,8502510.84,344576.4222015701,344576.4222015701,0.0,344576.4222015701,65469.52021829833
260,0.0,Manufacturing,Pomorskie,0,8846996.21330499,7631990.07,1215006.1433049906,1215006.1433049906,0.0,1215006.1433049906,230851.16722794823
261,0.0,Not determined,Łódzkie,0,8846843.445248034,8574656.3,272187.1452480331,272187.1452480331,0.0,272187.1452480331,51715.55759712629
262,0.0,Wholesale/Retail Trade,Pomorskie,0,8846791.152399082,8096089.26,750701.892399082,503279.61239908193,0.0,503279.61239908193,95623.12635582557
263,0.0,Construction,Wielkopolskie,0,8846429.583817586,8318219.47,528210.1138175866,528210.1138175866,0.0,528210.1138175866,100359.92162534145
264,0.0,Not determined,Wielkopolskie,0,8846049.688014206,8264327.67,581722.0180142056,460383.42801420565,0.0,460383.42801420565,87472.85132269908
265,0.0,Wholesale/Retail Trade,Pomorskie,0,8846018.328788001,7816537.48,1029480.8487880006,1029480.8487880006,0.0,1029480.8487880006,195601.36126972013
266,0.0,Finance,Mazowieckie,0,8845606.517451514,8834021.23,11585.287451513112,11585.287451513112,0.0,11585.287451513112,2201.204615787491
267,0.0,Utilities,Warmińsko-Mazurskie,0,8845053.568993151,7778744.91,1066308.658993151,1066308.658993151,0.0,1066308.658993151,202598.6452086987
268,0.0,ICT,Zachodniopomorskie,0,8844689.44552069,8383042.91,461646.53552068956,259262.46552068955,0.0,259262.46552068955,49259.86844893102
269,0.0,Utilities,Mazowieckie,0,8844543.569488151,7389246.52,1455297.0494881514,1455297.0494881514,0.0,1455297.0494881514,276506.4394027488
270,0.0,Real Estate,Mazowieckie,0,8844313.309939897,8322023.18,522290.129939897,522290.129939897,0.0,522290.129939897,99235.12468858043
271,0.0,Wholesale/Retail Trade,Pomorskie,0,8843942.95376972,6334035.45,2509907.503769719,2509907.503769719,0.0,2509907.503769719,476882.4257162466
272,0.0,Not determined,Zachodniopomorskie,0,8843377.199950587,9246162.53,0.0,0.0,0.0,0.0,0.0
273,0.0,Professional/Scientific,Pomorskie,0,8843274.602534767,8602532.41,240742.1925347671,240742.1925347671,0.0,240742.1925347671,45741.01658160575
274,0.0,Real Estate,Wielkopolskie,0,8843175.693227675,7998496.57,844679.1232276745,844679.1232276745,0.0,844679.1232276745,160489.03341325815
275,0.0,Not determined,Pomorskie,0,8842586.56421661,0.0,8842586.56421661,8842586.56421661,0.0,8842586.56421661,1680091.4472011558
276,0.0,Mining and Quarrying,Małopolskie,0,8842550.198228272,8203218.43,639331.768228272,259199.75822827197,0.0,259199.75822827197,49247.954063371675
277,0.0,Manufacturing,Lubelskie,0,8842208.903942825,8574893.73,267315.1739428248,267315.1739428248,0.0,267315.1739428248,50789.88304913672
278,0.0,Transportation and Storage,Mazowieckie,0,8841346.720959835,8819284.95,22061.7709598355,22061.7709598355,0.0,22061.7709598355,4191.736482368745
279,0.0,Wholesale/Retail Trade,Pomorskie,0,8841284.651532149,8292958.16,548326.4915321488,548326.4915321488,0.0,548326.4915321488,104182.03339110827
280,0.0,Not determined,Wielkopolskie,0,8841153.476424642,7777066.36,1064087.1164246416,1064087.1164246416,0.0,1064087.1164246416,202176.5521206819
281,0.0,Wholesale/Retail Trade,Lubelskie,0,8841095.62050665,9092632.33,0.0,0.0,0.0,0.0,0.0
282,0.0,Finance,Mazowieckie,0,8840834.22837575,8084699.95,756134.2783757495,756134.2783757495,0.0,756134.2783757495,143665.5128913924
283,0.0,Construction,Pomorskie,0,8840461.492448261,8063114.1,777347.3924482614,259138.5324482614,0.0,259138.5324482614,49236.32116516966
284,0.0,Not determined,Łódzkie,0,8839447.169829074,7389813.05,1449634.1198290745,1449634.1198290745,0.0,1449634.1198290745,275430.48276752414
285,0.0,Wholesale/Retail Trade,Zachodniopomorskie,0,8838996.65395486,8290552.1,548444.5539548602,548444.5539548602,0.0,548444.5539548602,104204.46525142343
286,0.0,Not determined,Pomorskie,0,8838045.44126331,8507377.16,330668.28126331046,330668.28126331046,0.0,330668.28126331046,62826.97344002899
287,0.0,Agriculture,Wielkopolskie,0,8837808.845997542,8447210.25,390598.59599754214,259060.77599754214,0.0,259060.77599754214,49221.54743953301
288,0.0,Wholesale/Retail Trade,Lubelskie,0,8836931.477896476,8036515.2,800416.277896476,259035.057896476,0.0,259035.057896476,49216.661000330445
289,0.0,Not determined,Pomorskie,0,8836331.645128502,8159544.6,676787.045128502,676787.045128502,0.0,676787.045128502,128589.53857441538
290,0.0,Manufacturing,Zachodniopomorskie,0,8834836.415794991,8444868.02,389968.3957949914,389968.3957949914,0.0,389968.3957949914,74093.99520104837
291,0.0,Manufacturing,Pomorskie,0,8833992.230370536,8208222.63,625769.6003705366,625769.6003705366,0.0,625769.6003705366,118896.22407040195
292,0.0,Wholesale/Retail Trade,Mazowieckie,0,8832981.904919475,8342988.73,489993.17491947487,489993.17491947487,0.0,489993.17491947487,93098.70323470022
293,0.0,Wholesale/Retail Trade,Mazowieckie,0,8831152.942953613,8347994.74,483158.20295361243,483158.20295361243,0.0,483158.20295361243,91800.05856118636
294,0.0,Not determined,Mazowieckie,0,8831139.63279584,13483898.11,0.0,0.0,0.0,0.0,0.0
295,0.0,Professional/Scientific,Mazowieckie,0,8830742.955067534,8535650.3,295092.65506753325,295092.65506753325,36239.0,258853.65506753325,49182.19446283132
296,0.0,Other Service Activities,Zachodniopomorskie,0,8830147.881814176,6624534.78,2205613.101814176,2205613.101814176,0.0,2205613.101814176,419066.48934469343
297,0.0,Manufacturing,Lubelskie,0,8829674.217391578,7985033.6,844640.6173915789,844640.6173915789,0.0,844640.6173915789,160481.7173044
298,0.0,Construction,Pomorskie,0,8829537.273175439,16473729.36,0.0,0.0,0.0,0.0,0.0
299,0.0,Not determined,Warmińsko-Mazurskie,0,8829466.01438186,7254391.07,1575074.9443818592,1575074.9443818592,0.0,1575074.9443818592,299264.23943255324
300,0.0,Wholesale/Retail Trade,Lubelskie,0,8827302.959214361,8361247.76,466055.1992143616,466055.1992143616,0.0,466055.1992143616,88550.4878507287
301,0.0,Finance,Mazowieckie,0,8827021.95211411,7711727.45,1115294.5021141106,1115194.5021141106,0.0,1115194.5021141106,211886.955401681
302,0.0,Hotels and Restaurants,Pomorskie,0,8826901.769218946,8374005.66,452896.1092189457,382199.87921894575,0.0,382199.87921894575,72617.9770515997
303,0.0,Manufacturing,Pomorskie,0,8826893.805788636,8519471.16,307422.64578863606,307422.64578863606,0.0,307422.64578863606,58410.30269984085
304,0.0,Real Estate,Pomorskie,0,8825417.264246296,5130517.15,3694900.1142462958,3694900.1142462958,0.0,3694900.1142462958,702031.0217067963
305,0.0,ICT,Mazowieckie,0,8824972.496876754,7860678.01,964294.4868767541,964294.4868767541,0.0,964294.4868767541,183215.95250658327
306,0.0,Wholesale/Retail Trade,Śląskie,0,8824571.554128848,8094408.46,730163.094128848,730163.094128848,0.0,730163.094128848,138730.98788448112
307,0.0,ICT,Dolnośląskie,0,8823757.708034607,8995164.04,0.0,0.0,0.0,0.0,0.0
308,0.0,Construction,Mazowieckie,0,8822972.697181541,7872483.66,950489.0371815413,950489.0371815413,0.0,950489.0371815413,180592.91706449285
309,0.0,Finance,Wielkopolskie,0,8822880.710804809,5689570.07,3133310.6408048086,3133310.6408048086,0.0,3133310.6408048086,595329.0217529136
310,0.0,Wholesale/Retail Trade,Wielkopolskie,0,8822250.415082863,8556586.89,265663.525082862,265663.525082862,0.0,265663.525082862,50476.069765743785
311,0.0,Wholesale/Retail Trade,Śląskie,0,8822108.546520429,8510651.18,311457.36652042903,311457.36652042903,0.0,311457.36652042903,59176.899638881514
312,0.0,Wholesale/Retail Trade,Wielkopolskie,0,8821928.200063817,8675932.45,145995.75006381795,145995.75006381795,0.0,145995.75006381795,27739.19251212541
313,0.0,Manufacturing,Łódzkie,0,8821724.416603392,8504330.21,317394.2066033911,317394.2066033911,0.0,317394.2066033911,60304.89925464431
314,0.0,Wholesale/Retail Trade,Lubelskie,0,8821167.543090764,8359211.6,461955.9430907648,461955.9430907648,0.0,461955.9430907648,87771.62918724531
315,0.0,Wholesale/Retail Trade,Dolnośląskie,0,8820952.159601197,8575385.7,245566.4596011974,245566.4596011974,0.0,245566.4596011974,46657.627324227506
316,0.0,Real Estate,Mazowieckie,0,8820195.716137838,8447864.33,372331.38613783754,372331.38613783754,0.0,372331.38613783754,70742.96336618913
317,0.0,Wholesale/Retail Trade,Pomorskie,0,8819770.398905966,8161680.96,658089.4389059665,658089.4389059665,0.0,658089.4389059665,125036.99339213363
318,0.0,Construction,Mazowieckie,0,8819579.740167674,8456471.31,363108.43016767316,363108.43016767316,0.0,363108.43016767316,68990.6017318579
319,0.0,Not determined,Lubelskie,0,8819280.086484168,8456952.25,362327.8364841677,362327.8364841677,0.0,362327.8364841677,68842.28893199186
320,0.0,Transportation and Storage,Lubuskie,0,8819253.610396344,8439406.93,379846.6803963445,297849.5603963445,0.0,297849.5603963445,56591.41647530546
321,0.0,Manufacturing,Mazowieckie,0,8819218.810308922,6529790.8,2289428.0103089223,2289428.0103089223,0.0,2289428.0103089223,434991.32195869525
322,0.0,Professional/Scientific,Mazowieckie,0,8818407.622125443,8462419.39,355988.2321254425,258492.07212544247,0.0,258492.07212544247,49113.49370383407
323,0.0,Not determined,Mazowieckie,0,8818363.673880048,6544001.99,2274361.683880048,2274202.683880048,0.0,2274202.683880048,432098.5099372091
324,0.0,Finance,Śląskie,0,8818349.961945066,6199053.32,2619296.641945066,2612796.641945066,0.0,2612796.641945066,496431.36196956254
325,0.0,Real Estate,Pomorskie,0,8818195.514665417,5508946.67,3309248.8446654174,3309248.8446654174,0.0,3309248.8446654174,628757.2804864293
326,0.0,ICT,Lubuskie,0,8817966.954943819,8431286.84,386680.1149438191,386680.1149438191,0.0,386680.1149438191,73469.22183932563
327,0.0,Construction,Lubuskie,0,8817961.773048028,8228468.84,589492.9330480285,589492.9330480285,0.0,589492.9330480285,112003.65727912541
328,0.0,Not determined,Zachodniopomorskie,0,8817594.754719274,7736141.92,1081452.8347192742,1010452.8347192742,0.0,1010452.8347192742,191986.0385966621
329,0.0,Entertainment,Łódzkie,0,8816922.529939953,8051820.92,765101.6099399533,765101.6099399533,0.0,765101.6099399533,145369.30588859113
330,0.0,Education,Mazowieckie,0,8816237.7882553,7681658.26,1134579.5282553006,1134579.5282553006,0.0,1134579.5282553006,215570.11036850713
331,0.0,Construction,Wielkopolskie,0,8816162.934070805,8141212.4,674950.5340708047,674950.5340708047,0.0,674950.5340708047,128240.6014734529
332,0.0,Wholesale/Retail Trade,Pomorskie,0,8815621.812285136,8073160.64,742461.1722851368,742461.1722851368,0.0,742461.1722851368,141067.622734176
333,0.0,Manufacturing,Warmińsko-Mazurskie,0,8815280.82705908,8374616.05,440664.777059081,440664.777059081,0.0,440664.777059081,83726.30764122539
334,0.0,Finance,Warmińsko-Mazurskie,0,8814894.0804392,7039390.04,1775504.0404392006,1773504.0404392006,0.0,1773504.0404392006,336965.7676834481
335,0.0,Not determined,Mazowieckie,0,8814106.8546605,8343915.6,470191.2546605002,460340.27466050023,0.0,460340.27466050023,87464.65218549504
336,0.0,Wholesale/Retail Trade,Lubuskie,0,8813997.468240054,8197136.65,616860.818240054,616860.818240054,0.0,616860.818240054,117203.55546561025
337,0.0,Construction,Zachodniopomorskie,0,8813886.505616719,8904504.51,0.0,0.0,0.0,0.0,0.0
338,0.0,ICT,Mazowieckie,0,8813460.199394794,7686469.03,1126991.169394794,1126991.169394794,0.0,1126991.169394794,214128.32218501085
339,0.0,Health,Zachodniopomorskie,0,8813320.422134237,8095782.19,717538.232134237,717538.232134237,0.0,717538.232134237,136332.26410550502
340,0.0,Transportation and Storage,Dolnośląskie,0,8813142.177281486,8215589.06,597553.1172814863,597553.1172814863,0.0,597553.1172814863,113535.0922834824
341,0.0,Admin and Support Services,Łódzkie,0,8813050.706003739,8343660.61,469390.09600373823,383385.0760037382,0.0,383385.0760037382,72843.16444071026
342,0.0,Real Estate,Łódzkie,0,8810987.734569013,7773051.68,1037936.0545690134,1037936.0545690134,0.0,1037936.0545690134,197207.85036811256
343,0.0,Admin and Support Services,Wielkopolskie,0,8809940.950411797,8311427.6,498513.35041179694,258243.89041179695,0.0,258243.89041179695,49066.33917824142
344,0.0,Hotels and Restaurants,Pomorskie,0,8809909.529373717,8463135.2,346774.3293737173,346774.3293737173,0.0,346774.3293737173,65887.12258100629
345,0.0,Manufacturing,Pomorskie,0,8809497.573809512,8319572.3,489925.27380951215,489925.27380951215,0.0,489925.27380951215,93085.80202380731
346,0.0,Wholesale/Retail Trade,Wielkopolskie,0,8809099.474408006,8562145.42,246954.05440800637,246954.05440800637,0.0,246954.05440800637,46921.27033752121
347,0.0,Professional/Scientific,Lubuskie,0,8809081.9198346,5848177.87,2960904.0498346006,2457858.6798346005,0.0,2457858.6798346005,466993.14916857413
348,0.0,Manufacturing,Pomorskie,0,8808818.333382018,8535891.13,272927.2033820171,258210.9833820171,0.0,258210.9833820171,49060.086842583245
349,0.0,Wholesale/Retail Trade,Lubuskie,0,8808539.68543512,8090802.97,717736.7154351203,717736.7154351203,0.0,717736.7154351203,136369.97593267285
350,0.0,Not determined,Lubuskie,0,8808316.987539968,8503067.11,305249.8775399681,305249.8775399681,0.0,305249.8775399681,57997.47673259395
351,0.0,Transportation and Storage,Mazowieckie,0,8808206.127936425,8516658.8,291547.32793642394,291547.32793642394,0.0,291547.32793642394,55393.99230792055
352,0.0,Manufacturing,Mazowieckie,0,8808123.22790579,7405078.25,1403044.9779057894,1403044.9779057894,0.0,1403044.9779057894,266578.5458021
353,0.0,Finance,Mazowieckie,0,8807936.185162375,6815108.99,1992827.1951623745,1972527.1951623745,0.0,1972527.1951623745,374780.16708085116
354,0.0,Not determined,Śląskie,0,8807309.762984795,0.0,8807309.762984795,8807309.762984795,0.0,8807309.762984795,1673388.8549671113
355,0.0,Construction,Pomorskie,0,8807296.009841897,10060572.42,0.0,0.0,0.0,0.0,0.0
356,0.0,Transportation and Storage,Lubuskie,0,8806802.04021731,8299316.84,507485.20021731034,507485.20021731034,0.0,507485.20021731034,96422.18804128896
357,0.0,Manufacturing,Pomorskie,0,8806571.904292816,7582368.38,1224203.5242928164,1224203.5242928164,0.0,1224203.5242928164,232598.66961563512
358,0.0,Admin and Support Services,Mazowieckie,0,8806454.379308408,7851633.97,954820.4093084084,954820.4093084084,0.0,954820.4093084084,181415.8777685976
359,0.0,Hotels and Restaurants,Wielkopolskie,0,8806375.764901325,8405119.1,401256.6649013255,401256.6649013255,0.0,401256.6649013255,76238.76633125184
360,0.0,Wholesale/Retail Trade,Mazowieckie,0,8806182.87063344,7803783.1,1002399.7706334405,1002399.7706334405,0.0,1002399.7706334405,190455.9564203537
361,0.0,Wholesale/Retail Trade,Mazowieckie,0,8805557.056272665,8445413.22,360143.83627266437,356957.56627266435,0.0,356957.56627266435,67821.93759180623
362,0.0,ICT,Pomorskie,0,8803825.386203082,6751041.16,2052784.2262030821,2052784.2262030821,0.0,2052784.2262030821,390029.0029785856
363,0.0,Manufacturing,Lubuskie,0,8803584.773165232,8515752.76,287832.0131652318,258057.5731652318,0.0,258057.5731652318,49030.93890139404
364,0.0,Manufacturing,Mazowieckie,0,8802506.434044199,8388131.47,414374.9640441993,414374.9640441993,0.0,414374.9640441993,78731.24316839788
365,0.0,Finance,Pomorskie,0,8801916.697216328,8964949.09,0.0,0.0,0.0,0.0,0.0
366,0.0,Entertainment,Wielkopolskie,0,8799460.458008574,8320465.24,478995.2180085741,469446.0480085741,0.0,469446.0480085741,89194.74912162908
367,0.0,Transportation and Storage,Łódzkie,0,8799400.943471855,8352812.09,446588.8534718547,446588.8534718547,0.0,446588.8534718547,84851.88215965239
368,0.0,Health,Mazowieckie,0,8799193.142239345,8233549.28,565643.862239345,565643.862239345,0.0,565643.862239345,107472.33382547555
369,0.0,Manufacturing,Mazowieckie,0,8799192.97740767,8935143.9,0.0,0.0,0.0,0.0,0.0
370,0.0,Wholesale/Retail Trade,Pomorskie,0,8799074.58705697,9244062.08,0.0,0.0,0.0,0.0,0.0
371,0.0,Wholesale/Retail Trade,Warmińsko-Mazurskie,0,8796856.72535747,8508429.65,288427.0753574688,288427.0753574688,0.0,288427.0753574688,54801.144317919076
372,0.0,Not determined,Mazowieckie,0,8796561.779678687,8715524.23,81037.549678687,81037.549678687,0.0,81037.549678687,15397.134438950532
373,0.0,Manufacturing,Pomorskie,0,8796516.687913546,7993651.83,802864.8579135463,679174.9779135463,0.0,679174.9779135463,129043.2458035738
374,0.0,Wholesale/Retail Trade,Mazowieckie,0,8795982.076979043,7577926.75,1218055.326979043,1218055.326979043,0.0,1218055.326979043,231430.51212601818
375,0.0,ICT,Śląskie,0,8794965.487924326,8171747.38,623218.1079243263,623218.1079243263,0.0,623218.1079243263,118411.440505622
376,0.0,Utilities,Śląskie,0,8794587.899764402,8505183.91,289403.9897644017,277910.7297644017,0.0,277910.7297644017,52803.03865523632
377,0.0,Wholesale/Retail Trade,Śląskie,0,8793757.560200661,8542915.17,250842.3902006615,250842.3902006615,0.0,250842.3902006615,47660.054138125684
378,0.0,Real Estate,Śląskie,0,8793447.49121568,5646253.99,3147193.5012156796,3147193.5012156796,0.0,3147193.5012156796,597966.7652309791
379,0.0,Wholesale/Retail Trade,Mazowieckie,0,8793111.110974548,8535760.51,257350.6009745486,257350.6009745486,0.0,257350.6009745486,48896.61418516424
380,0.0,Utilities,Śląskie,0,8792728.103973301,6832265.76,1960462.3439733014,1960462.3439733014,0.0,1960462.3439733014,372487.84535492724
381,0.0,Admin and Support Services,Śląskie,0,8791881.147316305,7955899.77,835981.3773163054,835981.3773163054,0.0,835981.3773163054,158836.46169009802
382,0.0,Utilities,Mazowieckie,0,8791430.55932823,8358582.81,432847.7493282305,432847.7493282305,0.0,432847.7493282305,82241.0723723638
383,0.0,Manufacturing,Mazowieckie,0,8790829.572738532,7870060.41,920769.1627385318,920769.1627385318,0.0,920769.1627385318,174946.14092032105
384,0.0,Manufacturing,Mazowieckie,0,8790344.493722418,8489981.91,300362.5837224182,300362.5837224182,0.0,300362.5837224182,57068.890907259454
385,0.0,Wholesale/Retail Trade,Śląskie,0,8790138.50563834,6960311.43,1829827.0756383408,1819827.0756383408,0.0,1819827.0756383408,345767.14437128475
386,0.0,Wholesale/Retail Trade,Śląskie,0,8789731.237474898,8601518.93,188212.30747489817,188212.30747489817,0.0,188212.30747489817,35760.338420230655
387,0.0,Utilities,Zachodniopomorskie,0,8789726.282222664,7662988.05,1126738.2322226642,1126738.2322226642,0.0,1126738.2322226642,214080.2641223062
388,0.0,Transportation and Storage,Śląskie,0,8789587.658783834,11036172.13,0.0,0.0,0.0,0.0,0.0
389,0.0,Wholesale/Retail Trade,Mazowieckie,0,8789376.921487112,8686749.56,102627.36148711108,102627.36148711108,0.0,102627.36148711108,19499.198682551105
390,0.0,Utilities,Śląskie,0,8787769.194535287,8270797.05,516972.1445352873,516972.1445352873,0.0,516972.1445352873,98224.70746170459
391,0.0,ICT,Śląskie,0,8787537.925393026,6900514.41,1887023.5153930262,1874814.8353930262,0.0,1874814.8353930262,356214.818724675
392,0.0,Education,Wielkopolskie,0,8786641.560441393,8271390.65,515250.91044139303,515250.91044139303,0.0,515250.91044139303,97897.67298386467
393,0.0,ICT,Śląskie,0,8786207.507130736,8228307.62,557899.8871307364,547899.8871307364,0.0,547899.8871307364,104100.97855483991
394,0.0,Hotels and Restaurants,Śląskie,0,8785590.820323974,8968428.36,0.0,0.0,0.0,0.0,0.0
395,0.0,Manufacturing,Mazowieckie,0,8785261.053953806,10818337.96,0.0,0.0,0.0,0.0,0.0
396,0.0,Not determined,Dolnośląskie,0,8784329.415023688,8714646.99,69682.425023688,69682.425023688,0.0,69682.425023688,13239.660754500721
397,0.0,Hotels and Restaurants,Łódzkie,0,8783456.487075873,7400064.61,1383391.8770758724,1383391.8770758724,0.0,1383391.8770758724,262844.45664441574
398,0.0,Professional/Scientific,Lubuskie,0,8783342.073289337,8424866.6,358475.473289337,340675.743289337,0.0,340675.743289337,64728.39122497404
399,0.0,Wholesale/Retail Trade,Mazowieckie,0,8782807.184201384,9100583.47,0.0,0.0,0.0,0.0,0.0
400,0.0,Health,Wielkopolskie,0,8782526.939447636,8520528.93,261998.00944763608,261998.00944763608,0.0,261998.00944763608,49779.62179505086
401,0.0,Transportation and Storage,Dolnośląskie,0,8781596.619170913,8497662.23,283934.389170913,257413.03917091302,0.0,257413.03917091302,48908.47744247347
402,0.0,Wholesale/Retail Trade,Śląskie,0,8779529.300300756,8190071.7,589457.6003007563,589457.6003007563,0.0,589457.6003007563,111996.9440571437
403,0.0,Wholesale/Retail Trade,Śląskie,0,8779153.514987275,8550266.68,228886.8349872753,228886.8349872753,0.0,228886.8349872753,43488.49864758231
404,0.0,Not determined,Dolnośląskie,0,8779089.199728016,6204153.92,2574935.279728016,2574935.279728016,0.0,2574935.279728016,489237.703148323
405,0.0,Manufacturing,Mazowieckie,0,8778861.237521235,8522758.89,256102.3475212343,256102.3475212343,0.0,256102.3475212343,48659.446029034516
406,0.0,Real Estate,Świętokrzyskie,0,8778209.699117152,9677571.79,0.0,0.0,0.0,0.0,0.0
407,0.0,Hotels and Restaurants,Zachodniopomorskie,0,8777928.424165433,7490520.52,1287407.9041654337,1287407.9041654337,0.0,1287407.9041654337,244607.5017914324
408,0.0,Construction,Dolnośląskie,0,8777220.65755615,7890508.76,886711.8975561503,379631.8775561503,0.0,379631.8775561503,72130.05673566856
409,0.0,Wholesale/Retail Trade,Mazowieckie,0,8777024.765412172,7487943.28,1289081.485412172,714208.5354121721,0.0,714208.5354121721,135699.6217283127
410,0.0,Entertainment,Mazowieckie,0,8776608.452110557,1180215.78,7596392.672110557,7596392.672110557,0.0,7596392.672110557,1443314.6077010059
411,0.0,Wholesale/Retail Trade,Mazowieckie,0,8775921.567614127,8044014.82,731906.7476141267,731906.7476141267,0.0,731906.7476141267,139062.28204668406
412,0.0,Real Estate,Śląskie,0,8774027.239587074,24997556.16,0.0,0.0,0.0,0.0,0.0
413,0.0,Real Estate,Śląskie,0,8773504.40381537,7703770.99,1069733.4138153698,1069733.4138153698,0.0,1069733.4138153698,203249.34862492027
414,0.0,Transportation and Storage,Śląskie,0,8772591.823547697,8514019.45,258572.37354769744,257149.08354769743,0.0,257149.08354769743,48858.32587406251
415,0.0,Wholesale/Retail Trade,Zachodniopomorskie,0,8771763.080790805,8778598.17,0.0,0.0,0.0,0.0,0.0
416,0.0,Transportation and Storage,Śląskie,0,8771051.193389647,8485979.55,285071.64338964596,285071.64338964596,0.0,285071.64338964596,54163.61224403273
417,0.0,Admin and Support Services,Mazowieckie,0,8771021.678217808,7848151.470000001,922870.2082178071,922870.2082178071,0.0,922870.2082178071,175345.33956138336
418,0.0,Wholesale/Retail Trade,Śląskie,0,8770556.955913587,8327955.55,442601.4059135867,257089.43591358673,0.0,257089.43591358673,48846.99282358148
419,0.0,Real Estate,Lubuskie,0,8769653.781353375,6207573.68,2562080.1013533752,2562080.1013533752,0.0,2562080.1013533752,486795.2192571413
420,0.0,Education,Śląskie,0,8768797.29536516,8497674.79,271122.5053651612,271122.5053651612,0.0,271122.5053651612,51513.27601938063
421,0.0,Construction,Śląskie,0,8768424.940610921,7872277.0,896147.940610921,896147.940610921,0.0,896147.940610921,170268.108716075
422,0.0,Wholesale/Retail Trade,Zachodniopomorskie,0,8768146.756253108,8507744.71,260402.0462531075,260402.0462531075,0.0,260402.0462531075,49476.38878809042
423,0.0,Utilities,Mazowieckie,0,8767888.506226012,9535608.06,0.0,0.0,0.0,0.0,0.0
424,0.0,Not determined,Mazowieckie,0,8766620.198599331,8386924.79,379695.40859933104,379695.40859933104,0.0,379695.40859933104,72142.1276338729
425,0.0,Manufacturing,Mazowieckie,0,8766414.14870337,7871372.15,895041.9987033699,895041.9987033699,0.0,895041.9987033699,170057.97975364028
426,0.0,Wholesale/Retail Trade,Śląskie,0,8766372.10632422,8510384.48,255987.62632421963,255987.62632421963,0.0,255987.62632421963,48637.64900160173
427,0.0,Wholesale/Retail Trade,Mazowieckie,0,8766330.527534155,8400443.26,365887.2675341554,365887.2675341554,0.0,365887.2675341554,69518.58083148953
428,0.0,Education,Lubuskie,0,8766056.474270204,7990861.83,775194.644270204,775194.644270204,0.0,775194.644270204,147286.98241133877
429,0.0,Manufacturing,Mazowieckie,0,8765980.136600632,7354636.91,1411343.226600632,1411343.226600632,0.0,1411343.226600632,268155.2130541201
430,0.0,Professional/Scientific,Śląskie,0,8765952.805448491,11304227.63,0.0,0.0,0.0,0.0,0.0
431,0.0,Professional/Scientific,Wielkopolskie,0,8765497.684589349,8286958.2,478539.48458934855,478539.48458934855,0.0,478539.48458934855,90922.50207197623
432,0.0,Admin and Support Services,Zachodniopomorskie,0,8765453.468492482,8332165.1,433288.36849248223,433288.36849248223,0.0,433288.36849248223,82324.79001357162
433,0.0,Admin and Support Services,Mazowieckie,0,8764689.144014653,8594719.37,169969.77401465364,169969.77401465364,0.0,169969.77401465364,32294.257062784192
434,0.0,Not determined,Śląskie,0,8764212.47141398,13534524.06,0.0,0.0,0.0,0.0,0.0
435,0.0,Entertainment,Wielkopolskie,0,8763696.115587505,1043525.98,7720170.135587504,7720170.135587504,0.0,7720170.135587504,1466832.3257616258
436,0.0,Wholesale/Retail Trade,Śląskie,0,8763669.56738582,6681585.77,2082083.7973858211,2082083.7973858211,0.0,2082083.7973858211,395595.921503306
437,0.0,Not determined,Mazowieckie,0,8763330.601347785,7725445.58,1037885.0213477854,1032088.9813477853,0.0,1032088.9813477853,196096.90645607922
438,0.0,Real Estate,Mazowieckie,0,8763026.950496158,8453961.7,309065.2504961584,309065.2504961584,0.0,309065.2504961584,58722.39759427009
439,0.0,Wholesale/Retail Trade,Świętokrzyskie,0,8762443.054890778,8236356.18,526086.8748907782,526086.8748907782,0.0,526086.8748907782,99956.50622924787
440,0.0,Not determined,Łódzkie,0,8761803.075307917,1460306.05,7301497.025307917,7254487.085307917,0.0,7254487.085307917,1378352.5462085041
441,0.0,Wholesale/Retail Trade,Mazowieckie,0,8761384.547080666,8158594.99,602789.5570806656,493080.64708066557,0.0,493080.64708066557,93685.32294532646
442,0.0,Transportation and Storage,Śląskie,0,8761251.321879197,8221643.09,539608.2318791971,539608.2318791971,0.0,539608.2318791971,102525.56405704745
443,0.0,Not determined,Wielkopolskie,0,8760791.451807411,7779650.01,981141.4418074116,981141.4418074116,34477.05,946664.3918074116,179866.2344434082
444,0.0,Admin and Support Services,Śląskie,0,8759089.317513624,8482444.49,276644.827513624,256753.28751362397,0.0,256753.28751362397,48783.12462758856
445,0.0,Wholesale/Retail Trade,Śląskie,0,8758334.450253159,8380895.33,377439.12025315873,377439.12025315873,0.0,377439.12025315873,71713.43284810016
446,0.0,ICT,Śląskie,0,8757703.670338169,9834422.94,0.0,0.0,0.0,0.0,0.0
447,0.0,Health,Wielkopolskie,1,3710956.2258729097,3530134.21,180822.0158729097,180822.0158729097,0.0,180822.0158729097,34356.18301585284
448,0.0,Health,Łódzkie,1,3240891.9743058183,3082974.56,157917.41430581827,157917.41430581827,0.0,157917.41430581827,30004.308718105473
449,0.0,Professional/Scientific,Mazowieckie,1,2174935.9049844476,2068958.83,105977.07498444756,105977.07498444756,0.0,105977.07498444756,20135.64424704504
450,0.0,Professional/Scientific,Śląskie,1,1704871.6534173568,1621799.18,83072.47341735684,83072.47341735684,0.0,83072.47341735684,15783.7699492978
